tinyimagenet,vnncomp2024_benchmarks/benchmarks/tinyimagenet/onnx/TinyImageNet_resnet_medium.onnx,vnncomp2024_benchmarks/benchmarks/tinyimagenet/vnnlib/TinyImageNet_resnet_medium_prop_idx_1924_sidx_6759_eps_0.0039.vnnlib,2.705552367,unsat,98.532850149
tinyimagenet,vnncomp2024_benchmarks/benchmarks/tinyimagenet/onnx/TinyImageNet_resnet_medium.onnx,vnncomp2024_benchmarks/benchmarks/tinyimagenet/vnnlib/TinyImageNet_resnet_medium_prop_idx_3866_sidx_8102_eps_0.0039.vnnlib,2.700436692,unknown,112.417509886
tinyimagenet,vnncomp2024_benchmarks/benchmarks/tinyimagenet/onnx/TinyImageNet_resnet_medium.onnx,vnncomp2024_benchmarks/benchmarks/tinyimagenet/vnnlib/TinyImageNet_resnet_medium_prop_idx_5414_sidx_1938_eps_0.0039.vnnlib,2.659835650,sat,6.616407889
tinyimagenet,vnncomp2024_benchmarks/benchmarks/tinyimagenet/onnx/TinyImageNet_resnet_medium.onnx,vnncomp2024_benchmarks/benchmarks/tinyimagenet/vnnlib/TinyImageNet_resnet_medium_prop_idx_1617_sidx_845_eps_0.0039.vnnlib,2.639738518,sat,6.586496034
tinyimagenet,vnncomp2024_benchmarks/benchmarks/tinyimagenet/onnx/TinyImageNet_resnet_medium.onnx,vnncomp2024_benchmarks/benchmarks/tinyimagenet/vnnlib/TinyImageNet_resnet_medium_prop_idx_9376_sidx_6124_eps_0.0039.vnnlib,2.692630229,unsat,109.209854627
tinyimagenet,vnncomp2024_benchmarks/benchmarks/tinyimagenet/onnx/TinyImageNet_resnet_medium.onnx,vnncomp2024_benchmarks/benchmarks/tinyimagenet/vnnlib/TinyImageNet_resnet_medium_prop_idx_1864_sidx_887_eps_0.0039.vnnlib,2.699150376,sat,6.718177006
tinyimagenet,vnncomp2024_benchmarks/benchmarks/tinyimagenet/onnx/TinyImageNet_resnet_medium.onnx,vnncomp2024_benchmarks/benchmarks/tinyimagenet/vnnlib/TinyImageNet_resnet_medium_prop_idx_3944_sidx_3039_eps_0.0039.vnnlib,2.646172218,sat,6.642577658
tinyimagenet,vnncomp2024_benchmarks/benchmarks/tinyimagenet/onnx/TinyImageNet_resnet_medium.onnx,vnncomp2024_benchmarks/benchmarks/tinyimagenet/vnnlib/TinyImageNet_resnet_medium_prop_idx_4043_sidx_9475_eps_0.0039.vnnlib,2.652930112,unknown,112.344569932
tinyimagenet,vnncomp2024_benchmarks/benchmarks/tinyimagenet/onnx/TinyImageNet_resnet_medium.onnx,vnncomp2024_benchmarks/benchmarks/tinyimagenet/vnnlib/TinyImageNet_resnet_medium_prop_idx_4863_sidx_3184_eps_0.0039.vnnlib,2.650510873,unknown,109.434775588
tinyimagenet,vnncomp2024_benchmarks/benchmarks/tinyimagenet/onnx/TinyImageNet_resnet_medium.onnx,vnncomp2024_benchmarks/benchmarks/tinyimagenet/vnnlib/TinyImageNet_resnet_medium_prop_idx_3973_sidx_9461_eps_0.0039.vnnlib,2.654888588,unknown,109.634155349
tinyimagenet,vnncomp2024_benchmarks/benchmarks/tinyimagenet/onnx/TinyImageNet_resnet_medium.onnx,vnncomp2024_benchmarks/benchmarks/tinyimagenet/vnnlib/TinyImageNet_resnet_medium_prop_idx_3113_sidx_9370_eps_0.0039.vnnlib,2.655464667,unknown,112.718242211
tinyimagenet,vnncomp2024_benchmarks/benchmarks/tinyimagenet/onnx/TinyImageNet_resnet_medium.onnx,vnncomp2024_benchmarks/benchmarks/tinyimagenet/vnnlib/TinyImageNet_resnet_medium_prop_idx_6461_sidx_2771_eps_0.0039.vnnlib,2.694208872,unknown,108.915315515
tinyimagenet,vnncomp2024_benchmarks/benchmarks/tinyimagenet/onnx/TinyImageNet_resnet_medium.onnx,vnncomp2024_benchmarks/benchmarks/tinyimagenet/vnnlib/TinyImageNet_resnet_medium_prop_idx_2211_sidx_9985_eps_0.0039.vnnlib,2.691024312,unknown,110.790351544
tinyimagenet,vnncomp2024_benchmarks/benchmarks/tinyimagenet/onnx/TinyImageNet_resnet_medium.onnx,vnncomp2024_benchmarks/benchmarks/tinyimagenet/vnnlib/TinyImageNet_resnet_medium_prop_idx_8245_sidx_4991_eps_0.0039.vnnlib,2.659666872,unsat,104.281883724
tinyimagenet,vnncomp2024_benchmarks/benchmarks/tinyimagenet/onnx/TinyImageNet_resnet_medium.onnx,vnncomp2024_benchmarks/benchmarks/tinyimagenet/vnnlib/TinyImageNet_resnet_medium_prop_idx_4109_sidx_3134_eps_0.0039.vnnlib,2.669632855,unknown,109.123560621
tinyimagenet,vnncomp2024_benchmarks/benchmarks/tinyimagenet/onnx/TinyImageNet_resnet_medium.onnx,vnncomp2024_benchmarks/benchmarks/tinyimagenet/vnnlib/TinyImageNet_resnet_medium_prop_idx_3133_sidx_2042_eps_0.0039.vnnlib,2.734105793,unknown,114.403565546
tinyimagenet,vnncomp2024_benchmarks/benchmarks/tinyimagenet/onnx/TinyImageNet_resnet_medium.onnx,vnncomp2024_benchmarks/benchmarks/tinyimagenet/vnnlib/TinyImageNet_resnet_medium_prop_idx_6017_sidx_380_eps_0.0039.vnnlib,2.662896609,sat,6.762136554
tinyimagenet,vnncomp2024_benchmarks/benchmarks/tinyimagenet/onnx/TinyImageNet_resnet_medium.onnx,vnncomp2024_benchmarks/benchmarks/tinyimagenet/vnnlib/TinyImageNet_resnet_medium_prop_idx_3072_sidx_3250_eps_0.0039.vnnlib,2.637314973,unsat,109.644086981
tinyimagenet,vnncomp2024_benchmarks/benchmarks/tinyimagenet/onnx/TinyImageNet_resnet_medium.onnx,vnncomp2024_benchmarks/benchmarks/tinyimagenet/vnnlib/TinyImageNet_resnet_medium_prop_idx_9542_sidx_2775_eps_0.0039.vnnlib,2.673158147,unknown,112.964348318
tinyimagenet,vnncomp2024_benchmarks/benchmarks/tinyimagenet/onnx/TinyImageNet_resnet_medium.onnx,vnncomp2024_benchmarks/benchmarks/tinyimagenet/vnnlib/TinyImageNet_resnet_medium_prop_idx_762_sidx_4897_eps_0.0039.vnnlib,2.680258752,unknown,109.713211187
tinyimagenet,vnncomp2024_benchmarks/benchmarks/tinyimagenet/onnx/TinyImageNet_resnet_medium.onnx,vnncomp2024_benchmarks/benchmarks/tinyimagenet/vnnlib/TinyImageNet_resnet_medium_prop_idx_4912_sidx_9915_eps_0.0039.vnnlib,2.689370603,unknown,111.556138696
tinyimagenet,vnncomp2024_benchmarks/benchmarks/tinyimagenet/onnx/TinyImageNet_resnet_medium.onnx,vnncomp2024_benchmarks/benchmarks/tinyimagenet/vnnlib/TinyImageNet_resnet_medium_prop_idx_8213_sidx_7868_eps_0.0039.vnnlib,2.672522322,unsat,68.793179130
tinyimagenet,vnncomp2024_benchmarks/benchmarks/tinyimagenet/onnx/TinyImageNet_resnet_medium.onnx,vnncomp2024_benchmarks/benchmarks/tinyimagenet/vnnlib/TinyImageNet_resnet_medium_prop_idx_2476_sidx_1784_eps_0.0039.vnnlib,2.681433240,unknown,113.168252008
tinyimagenet,vnncomp2024_benchmarks/benchmarks/tinyimagenet/onnx/TinyImageNet_resnet_medium.onnx,vnncomp2024_benchmarks/benchmarks/tinyimagenet/vnnlib/TinyImageNet_resnet_medium_prop_idx_9569_sidx_8561_eps_0.0039.vnnlib,2.664888281,unknown,111.772746308
tinyimagenet,vnncomp2024_benchmarks/benchmarks/tinyimagenet/onnx/TinyImageNet_resnet_medium.onnx,vnncomp2024_benchmarks/benchmarks/tinyimagenet/vnnlib/TinyImageNet_resnet_medium_prop_idx_7196_sidx_2293_eps_0.0039.vnnlib,2.656848266,unknown,111.888784309
tinyimagenet,vnncomp2024_benchmarks/benchmarks/tinyimagenet/onnx/TinyImageNet_resnet_medium.onnx,vnncomp2024_benchmarks/benchmarks/tinyimagenet/vnnlib/TinyImageNet_resnet_medium_prop_idx_4880_sidx_5810_eps_0.0039.vnnlib,2.659818703,unknown,109.512976486
tinyimagenet,vnncomp2024_benchmarks/benchmarks/tinyimagenet/onnx/TinyImageNet_resnet_medium.onnx,vnncomp2024_benchmarks/benchmarks/tinyimagenet/vnnlib/TinyImageNet_resnet_medium_prop_idx_6432_sidx_7615_eps_0.0039.vnnlib,2.698132490,unsat,99.171276949
tinyimagenet,vnncomp2024_benchmarks/benchmarks/tinyimagenet/onnx/TinyImageNet_resnet_medium.onnx,vnncomp2024_benchmarks/benchmarks/tinyimagenet/vnnlib/TinyImageNet_resnet_medium_prop_idx_4329_sidx_5838_eps_0.0039.vnnlib,2.692550504,sat,6.633178186
tinyimagenet,vnncomp2024_benchmarks/benchmarks/tinyimagenet/onnx/TinyImageNet_resnet_medium.onnx,vnncomp2024_benchmarks/benchmarks/tinyimagenet/vnnlib/TinyImageNet_resnet_medium_prop_idx_3839_sidx_962_eps_0.0039.vnnlib,2.646995834,unsat,32.748808450
tinyimagenet,vnncomp2024_benchmarks/benchmarks/tinyimagenet/onnx/TinyImageNet_resnet_medium.onnx,vnncomp2024_benchmarks/benchmarks/tinyimagenet/vnnlib/TinyImageNet_resnet_medium_prop_idx_6014_sidx_2164_eps_0.0039.vnnlib,2.694728508,sat,6.581904668
tinyimagenet,vnncomp2024_benchmarks/benchmarks/tinyimagenet/onnx/TinyImageNet_resnet_medium.onnx,vnncomp2024_benchmarks/benchmarks/tinyimagenet/vnnlib/TinyImageNet_resnet_medium_prop_idx_9558_sidx_6082_eps_0.0039.vnnlib,2.683639525,sat,6.755642432
tinyimagenet,vnncomp2024_benchmarks/benchmarks/tinyimagenet/onnx/TinyImageNet_resnet_medium.onnx,vnncomp2024_benchmarks/benchmarks/tinyimagenet/vnnlib/TinyImageNet_resnet_medium_prop_idx_5164_sidx_1240_eps_0.0039.vnnlib,2.653224611,unknown,111.838530525
tinyimagenet,vnncomp2024_benchmarks/benchmarks/tinyimagenet/onnx/TinyImageNet_resnet_medium.onnx,vnncomp2024_benchmarks/benchmarks/tinyimagenet/vnnlib/TinyImageNet_resnet_medium_prop_idx_2907_sidx_66_eps_0.0039.vnnlib,2.684883725,unknown,111.085037510
tinyimagenet,vnncomp2024_benchmarks/benchmarks/tinyimagenet/onnx/TinyImageNet_resnet_medium.onnx,vnncomp2024_benchmarks/benchmarks/tinyimagenet/vnnlib/TinyImageNet_resnet_medium_prop_idx_4463_sidx_4146_eps_0.0039.vnnlib,2.654908658,sat,6.559510509
tinyimagenet,vnncomp2024_benchmarks/benchmarks/tinyimagenet/onnx/TinyImageNet_resnet_medium.onnx,vnncomp2024_benchmarks/benchmarks/tinyimagenet/vnnlib/TinyImageNet_resnet_medium_prop_idx_5184_sidx_341_eps_0.0039.vnnlib,2.644663929,unknown,112.856038784
tinyimagenet,vnncomp2024_benchmarks/benchmarks/tinyimagenet/onnx/TinyImageNet_resnet_medium.onnx,vnncomp2024_benchmarks/benchmarks/tinyimagenet/vnnlib/TinyImageNet_resnet_medium_prop_idx_9597_sidx_6636_eps_0.0039.vnnlib,2.692516504,sat,6.559032774
tinyimagenet,vnncomp2024_benchmarks/benchmarks/tinyimagenet/onnx/TinyImageNet_resnet_medium.onnx,vnncomp2024_benchmarks/benchmarks/tinyimagenet/vnnlib/TinyImageNet_resnet_medium_prop_idx_7225_sidx_2278_eps_0.0039.vnnlib,2.692493733,sat,6.589233066
tinyimagenet,vnncomp2024_benchmarks/benchmarks/tinyimagenet/onnx/TinyImageNet_resnet_medium.onnx,vnncomp2024_benchmarks/benchmarks/tinyimagenet/vnnlib/TinyImageNet_resnet_medium_prop_idx_5032_sidx_7113_eps_0.0039.vnnlib,2.683114837,unknown,109.567691127
tinyimagenet,vnncomp2024_benchmarks/benchmarks/tinyimagenet/onnx/TinyImageNet_resnet_medium.onnx,vnncomp2024_benchmarks/benchmarks/tinyimagenet/vnnlib/TinyImageNet_resnet_medium_prop_idx_4925_sidx_4702_eps_0.0039.vnnlib,2.640587103,unsat,55.268804198
tinyimagenet,vnncomp2024_benchmarks/benchmarks/tinyimagenet/onnx/TinyImageNet_resnet_medium.onnx,vnncomp2024_benchmarks/benchmarks/tinyimagenet/vnnlib/TinyImageNet_resnet_medium_prop_idx_9259_sidx_2193_eps_0.0039.vnnlib,2.671958872,unknown,113.098103684
tinyimagenet,vnncomp2024_benchmarks/benchmarks/tinyimagenet/onnx/TinyImageNet_resnet_medium.onnx,vnncomp2024_benchmarks/benchmarks/tinyimagenet/vnnlib/TinyImageNet_resnet_medium_prop_idx_2755_sidx_193_eps_0.0039.vnnlib,2.667991451,unknown,110.066021051
tinyimagenet,vnncomp2024_benchmarks/benchmarks/tinyimagenet/onnx/TinyImageNet_resnet_medium.onnx,vnncomp2024_benchmarks/benchmarks/tinyimagenet/vnnlib/TinyImageNet_resnet_medium_prop_idx_2899_sidx_6313_eps_0.0039.vnnlib,2.658669554,unknown,112.390265365
tinyimagenet,vnncomp2024_benchmarks/benchmarks/tinyimagenet/onnx/TinyImageNet_resnet_medium.onnx,vnncomp2024_benchmarks/benchmarks/tinyimagenet/vnnlib/TinyImageNet_resnet_medium_prop_idx_2210_sidx_992_eps_0.0039.vnnlib,2.670993481,unsat,15.933664197
tinyimagenet,vnncomp2024_benchmarks/benchmarks/tinyimagenet/onnx/TinyImageNet_resnet_medium.onnx,vnncomp2024_benchmarks/benchmarks/tinyimagenet/vnnlib/TinyImageNet_resnet_medium_prop_idx_2146_sidx_298_eps_0.0039.vnnlib,2.681155329,unknown,111.107869951
tinyimagenet,vnncomp2024_benchmarks/benchmarks/tinyimagenet/onnx/TinyImageNet_resnet_medium.onnx,vnncomp2024_benchmarks/benchmarks/tinyimagenet/vnnlib/TinyImageNet_resnet_medium_prop_idx_7538_sidx_5076_eps_0.0039.vnnlib,2.635435684,unknown,112.106121387
tinyimagenet,vnncomp2024_benchmarks/benchmarks/tinyimagenet/onnx/TinyImageNet_resnet_medium.onnx,vnncomp2024_benchmarks/benchmarks/tinyimagenet/vnnlib/TinyImageNet_resnet_medium_prop_idx_6194_sidx_6044_eps_0.0039.vnnlib,2.713463344,unknown,111.036067047
tinyimagenet,vnncomp2024_benchmarks/benchmarks/tinyimagenet/onnx/TinyImageNet_resnet_medium.onnx,vnncomp2024_benchmarks/benchmarks/tinyimagenet/vnnlib/TinyImageNet_resnet_medium_prop_idx_3307_sidx_2634_eps_0.0039.vnnlib,2.663743407,unknown,113.574674983
tinyimagenet,vnncomp2024_benchmarks/benchmarks/tinyimagenet/onnx/TinyImageNet_resnet_medium.onnx,vnncomp2024_benchmarks/benchmarks/tinyimagenet/vnnlib/TinyImageNet_resnet_medium_prop_idx_8667_sidx_4981_eps_0.0039.vnnlib,2.684200196,sat,6.586471222
tinyimagenet,vnncomp2024_benchmarks/benchmarks/tinyimagenet/onnx/TinyImageNet_resnet_medium.onnx,vnncomp2024_benchmarks/benchmarks/tinyimagenet/vnnlib/TinyImageNet_resnet_medium_prop_idx_837_sidx_5947_eps_0.0039.vnnlib,2.660681050,unknown,110.565947122
tinyimagenet,vnncomp2024_benchmarks/benchmarks/tinyimagenet/onnx/TinyImageNet_resnet_medium.onnx,vnncomp2024_benchmarks/benchmarks/tinyimagenet/vnnlib/TinyImageNet_resnet_medium_prop_idx_4733_sidx_9708_eps_0.0039.vnnlib,2.668270072,unknown,110.724421149
tinyimagenet,vnncomp2024_benchmarks/benchmarks/tinyimagenet/onnx/TinyImageNet_resnet_medium.onnx,vnncomp2024_benchmarks/benchmarks/tinyimagenet/vnnlib/TinyImageNet_resnet_medium_prop_idx_5709_sidx_6204_eps_0.0039.vnnlib,2.661789807,unknown,112.479874707
tinyimagenet,vnncomp2024_benchmarks/benchmarks/tinyimagenet/onnx/TinyImageNet_resnet_medium.onnx,vnncomp2024_benchmarks/benchmarks/tinyimagenet/vnnlib/TinyImageNet_resnet_medium_prop_idx_5571_sidx_4595_eps_0.0039.vnnlib,2.699958684,sat,6.772966799
tinyimagenet,vnncomp2024_benchmarks/benchmarks/tinyimagenet/onnx/TinyImageNet_resnet_medium.onnx,vnncomp2024_benchmarks/benchmarks/tinyimagenet/vnnlib/TinyImageNet_resnet_medium_prop_idx_3148_sidx_1232_eps_0.0039.vnnlib,2.697211990,unknown,111.095802471
tinyimagenet,vnncomp2024_benchmarks/benchmarks/tinyimagenet/onnx/TinyImageNet_resnet_medium.onnx,vnncomp2024_benchmarks/benchmarks/tinyimagenet/vnnlib/TinyImageNet_resnet_medium_prop_idx_236_sidx_420_eps_0.0039.vnnlib,2.647170901,unknown,111.445977757
tinyimagenet,vnncomp2024_benchmarks/benchmarks/tinyimagenet/onnx/TinyImageNet_resnet_medium.onnx,vnncomp2024_benchmarks/benchmarks/tinyimagenet/vnnlib/TinyImageNet_resnet_medium_prop_idx_1731_sidx_6691_eps_0.0039.vnnlib,2.706653668,unknown,112.850825554
tinyimagenet,vnncomp2024_benchmarks/benchmarks/tinyimagenet/onnx/TinyImageNet_resnet_medium.onnx,vnncomp2024_benchmarks/benchmarks/tinyimagenet/vnnlib/TinyImageNet_resnet_medium_prop_idx_2558_sidx_8085_eps_0.0039.vnnlib,2.664256468,sat,6.647793502
tinyimagenet,vnncomp2024_benchmarks/benchmarks/tinyimagenet/onnx/TinyImageNet_resnet_medium.onnx,vnncomp2024_benchmarks/benchmarks/tinyimagenet/vnnlib/TinyImageNet_resnet_medium_prop_idx_6623_sidx_4316_eps_0.0039.vnnlib,2.671759929,unknown,112.910714944
tinyimagenet,vnncomp2024_benchmarks/benchmarks/tinyimagenet/onnx/TinyImageNet_resnet_medium.onnx,vnncomp2024_benchmarks/benchmarks/tinyimagenet/vnnlib/TinyImageNet_resnet_medium_prop_idx_8537_sidx_6506_eps_0.0039.vnnlib,2.687572283,unsat,110.606362825
tinyimagenet,vnncomp2024_benchmarks/benchmarks/tinyimagenet/onnx/TinyImageNet_resnet_medium.onnx,vnncomp2024_benchmarks/benchmarks/tinyimagenet/vnnlib/TinyImageNet_resnet_medium_prop_idx_110_sidx_3348_eps_0.0039.vnnlib,2.675500699,unsat,85.569957816
tinyimagenet,vnncomp2024_benchmarks/benchmarks/tinyimagenet/onnx/TinyImageNet_resnet_medium.onnx,vnncomp2024_benchmarks/benchmarks/tinyimagenet/vnnlib/TinyImageNet_resnet_medium_prop_idx_1939_sidx_6752_eps_0.0039.vnnlib,2.668273333,unknown,113.429514600
tinyimagenet,vnncomp2024_benchmarks/benchmarks/tinyimagenet/onnx/TinyImageNet_resnet_medium.onnx,vnncomp2024_benchmarks/benchmarks/tinyimagenet/vnnlib/TinyImageNet_resnet_medium_prop_idx_6800_sidx_901_eps_0.0039.vnnlib,2.679177748,unsat,81.038656981
tinyimagenet,vnncomp2024_benchmarks/benchmarks/tinyimagenet/onnx/TinyImageNet_resnet_medium.onnx,vnncomp2024_benchmarks/benchmarks/tinyimagenet/vnnlib/TinyImageNet_resnet_medium_prop_idx_9458_sidx_2592_eps_0.0039.vnnlib,2.658813233,unknown,113.071006689
tinyimagenet,vnncomp2024_benchmarks/benchmarks/tinyimagenet/onnx/TinyImageNet_resnet_medium.onnx,vnncomp2024_benchmarks/benchmarks/tinyimagenet/vnnlib/TinyImageNet_resnet_medium_prop_idx_6098_sidx_7270_eps_0.0039.vnnlib,2.637061846,unsat,60.612919109
tinyimagenet,vnncomp2024_benchmarks/benchmarks/tinyimagenet/onnx/TinyImageNet_resnet_medium.onnx,vnncomp2024_benchmarks/benchmarks/tinyimagenet/vnnlib/TinyImageNet_resnet_medium_prop_idx_410_sidx_1150_eps_0.0039.vnnlib,2.698086309,unknown,111.934432026
tinyimagenet,vnncomp2024_benchmarks/benchmarks/tinyimagenet/onnx/TinyImageNet_resnet_medium.onnx,vnncomp2024_benchmarks/benchmarks/tinyimagenet/vnnlib/TinyImageNet_resnet_medium_prop_idx_2184_sidx_9679_eps_0.0039.vnnlib,2.666219131,unknown,113.594351398
tinyimagenet,vnncomp2024_benchmarks/benchmarks/tinyimagenet/onnx/TinyImageNet_resnet_medium.onnx,vnncomp2024_benchmarks/benchmarks/tinyimagenet/vnnlib/TinyImageNet_resnet_medium_prop_idx_4477_sidx_4081_eps_0.0039.vnnlib,2.711626324,unknown,112.522397202
tinyimagenet,vnncomp2024_benchmarks/benchmarks/tinyimagenet/onnx/TinyImageNet_resnet_medium.onnx,vnncomp2024_benchmarks/benchmarks/tinyimagenet/vnnlib/TinyImageNet_resnet_medium_prop_idx_3891_sidx_62_eps_0.0039.vnnlib,2.654524903,unknown,111.682911213
tinyimagenet,vnncomp2024_benchmarks/benchmarks/tinyimagenet/onnx/TinyImageNet_resnet_medium.onnx,vnncomp2024_benchmarks/benchmarks/tinyimagenet/vnnlib/TinyImageNet_resnet_medium_prop_idx_7689_sidx_3205_eps_0.0039.vnnlib,2.675159443,unknown,111.714155705
tinyimagenet,vnncomp2024_benchmarks/benchmarks/tinyimagenet/onnx/TinyImageNet_resnet_medium.onnx,vnncomp2024_benchmarks/benchmarks/tinyimagenet/vnnlib/TinyImageNet_resnet_medium_prop_idx_8013_sidx_2238_eps_0.0039.vnnlib,2.688754590,unsat,113.584623568
tinyimagenet,vnncomp2024_benchmarks/benchmarks/tinyimagenet/onnx/TinyImageNet_resnet_medium.onnx,vnncomp2024_benchmarks/benchmarks/tinyimagenet/vnnlib/TinyImageNet_resnet_medium_prop_idx_6161_sidx_1818_eps_0.0039.vnnlib,2.675947807,unsat,50.445997113
tinyimagenet,vnncomp2024_benchmarks/benchmarks/tinyimagenet/onnx/TinyImageNet_resnet_medium.onnx,vnncomp2024_benchmarks/benchmarks/tinyimagenet/vnnlib/TinyImageNet_resnet_medium_prop_idx_8310_sidx_4525_eps_0.0039.vnnlib,2.680092483,unknown,109.269987829
tinyimagenet,vnncomp2024_benchmarks/benchmarks/tinyimagenet/onnx/TinyImageNet_resnet_medium.onnx,vnncomp2024_benchmarks/benchmarks/tinyimagenet/vnnlib/TinyImageNet_resnet_medium_prop_idx_6827_sidx_2613_eps_0.0039.vnnlib,2.643682754,sat,6.611900595
tinyimagenet,vnncomp2024_benchmarks/benchmarks/tinyimagenet/onnx/TinyImageNet_resnet_medium.onnx,vnncomp2024_benchmarks/benchmarks/tinyimagenet/vnnlib/TinyImageNet_resnet_medium_prop_idx_4931_sidx_3891_eps_0.0039.vnnlib,2.685962065,unknown,113.441350475
tinyimagenet,vnncomp2024_benchmarks/benchmarks/tinyimagenet/onnx/TinyImageNet_resnet_medium.onnx,vnncomp2024_benchmarks/benchmarks/tinyimagenet/vnnlib/TinyImageNet_resnet_medium_prop_idx_4551_sidx_6769_eps_0.0039.vnnlib,2.648048923,unknown,112.088671300
tinyimagenet,vnncomp2024_benchmarks/benchmarks/tinyimagenet/onnx/TinyImageNet_resnet_medium.onnx,vnncomp2024_benchmarks/benchmarks/tinyimagenet/vnnlib/TinyImageNet_resnet_medium_prop_idx_1983_sidx_1459_eps_0.0039.vnnlib,2.662403572,unsat,13.283279093
tinyimagenet,vnncomp2024_benchmarks/benchmarks/tinyimagenet/onnx/TinyImageNet_resnet_medium.onnx,vnncomp2024_benchmarks/benchmarks/tinyimagenet/vnnlib/TinyImageNet_resnet_medium_prop_idx_7277_sidx_8835_eps_0.0039.vnnlib,2.700066160,sat,6.792465930
tinyimagenet,vnncomp2024_benchmarks/benchmarks/tinyimagenet/onnx/TinyImageNet_resnet_medium.onnx,vnncomp2024_benchmarks/benchmarks/tinyimagenet/vnnlib/TinyImageNet_resnet_medium_prop_idx_3834_sidx_8866_eps_0.0039.vnnlib,2.640609436,unknown,109.145640858
tinyimagenet,vnncomp2024_benchmarks/benchmarks/tinyimagenet/onnx/TinyImageNet_resnet_medium.onnx,vnncomp2024_benchmarks/benchmarks/tinyimagenet/vnnlib/TinyImageNet_resnet_medium_prop_idx_3018_sidx_1546_eps_0.0039.vnnlib,2.694424848,unknown,112.762812186
tinyimagenet,vnncomp2024_benchmarks/benchmarks/tinyimagenet/onnx/TinyImageNet_resnet_medium.onnx,vnncomp2024_benchmarks/benchmarks/tinyimagenet/vnnlib/TinyImageNet_resnet_medium_prop_idx_1578_sidx_7829_eps_0.0039.vnnlib,2.688535774,unknown,109.405255636
tinyimagenet,vnncomp2024_benchmarks/benchmarks/tinyimagenet/onnx/TinyImageNet_resnet_medium.onnx,vnncomp2024_benchmarks/benchmarks/tinyimagenet/vnnlib/TinyImageNet_resnet_medium_prop_idx_9419_sidx_9984_eps_0.0039.vnnlib,2.646727254,unsat,24.274039289
tinyimagenet,vnncomp2024_benchmarks/benchmarks/tinyimagenet/onnx/TinyImageNet_resnet_medium.onnx,vnncomp2024_benchmarks/benchmarks/tinyimagenet/vnnlib/TinyImageNet_resnet_medium_prop_idx_962_sidx_2870_eps_0.0039.vnnlib,2.699121182,unknown,114.146907101
tinyimagenet,vnncomp2024_benchmarks/benchmarks/tinyimagenet/onnx/TinyImageNet_resnet_medium.onnx,vnncomp2024_benchmarks/benchmarks/tinyimagenet/vnnlib/TinyImageNet_resnet_medium_prop_idx_336_sidx_2254_eps_0.0039.vnnlib,2.666441866,sat,6.583837525
tinyimagenet,vnncomp2024_benchmarks/benchmarks/tinyimagenet/onnx/TinyImageNet_resnet_medium.onnx,vnncomp2024_benchmarks/benchmarks/tinyimagenet/vnnlib/TinyImageNet_resnet_medium_prop_idx_7187_sidx_4191_eps_0.0039.vnnlib,2.670542251,unknown,111.837119053
tinyimagenet,vnncomp2024_benchmarks/benchmarks/tinyimagenet/onnx/TinyImageNet_resnet_medium.onnx,vnncomp2024_benchmarks/benchmarks/tinyimagenet/vnnlib/TinyImageNet_resnet_medium_prop_idx_6471_sidx_5357_eps_0.0039.vnnlib,2.701410335,unknown,114.424605284
tinyimagenet,vnncomp2024_benchmarks/benchmarks/tinyimagenet/onnx/TinyImageNet_resnet_medium.onnx,vnncomp2024_benchmarks/benchmarks/tinyimagenet/vnnlib/TinyImageNet_resnet_medium_prop_idx_3115_sidx_671_eps_0.0039.vnnlib,2.691145062,unsat,107.685669524
tinyimagenet,vnncomp2024_benchmarks/benchmarks/tinyimagenet/onnx/TinyImageNet_resnet_medium.onnx,vnncomp2024_benchmarks/benchmarks/tinyimagenet/vnnlib/TinyImageNet_resnet_medium_prop_idx_2711_sidx_1466_eps_0.0039.vnnlib,2.656406287,unknown,109.376937565
tinyimagenet,vnncomp2024_benchmarks/benchmarks/tinyimagenet/onnx/TinyImageNet_resnet_medium.onnx,vnncomp2024_benchmarks/benchmarks/tinyimagenet/vnnlib/TinyImageNet_resnet_medium_prop_idx_1733_sidx_5415_eps_0.0039.vnnlib,2.681619283,unsat,57.819904574
tinyimagenet,vnncomp2024_benchmarks/benchmarks/tinyimagenet/onnx/TinyImageNet_resnet_medium.onnx,vnncomp2024_benchmarks/benchmarks/tinyimagenet/vnnlib/TinyImageNet_resnet_medium_prop_idx_1550_sidx_7671_eps_0.0039.vnnlib,2.698046471,unknown,110.280215492
tinyimagenet,vnncomp2024_benchmarks/benchmarks/tinyimagenet/onnx/TinyImageNet_resnet_medium.onnx,vnncomp2024_benchmarks/benchmarks/tinyimagenet/vnnlib/TinyImageNet_resnet_medium_prop_idx_3373_sidx_5926_eps_0.0039.vnnlib,2.703546192,unsat,14.325955826
tinyimagenet,vnncomp2024_benchmarks/benchmarks/tinyimagenet/onnx/TinyImageNet_resnet_medium.onnx,vnncomp2024_benchmarks/benchmarks/tinyimagenet/vnnlib/TinyImageNet_resnet_medium_prop_idx_1417_sidx_8632_eps_0.0039.vnnlib,2.674684240,unknown,112.447510513
tinyimagenet,vnncomp2024_benchmarks/benchmarks/tinyimagenet/onnx/TinyImageNet_resnet_medium.onnx,vnncomp2024_benchmarks/benchmarks/tinyimagenet/vnnlib/TinyImageNet_resnet_medium_prop_idx_9600_sidx_3536_eps_0.0039.vnnlib,2.695497896,unknown,110.006367614
tinyimagenet,vnncomp2024_benchmarks/benchmarks/tinyimagenet/onnx/TinyImageNet_resnet_medium.onnx,vnncomp2024_benchmarks/benchmarks/tinyimagenet/vnnlib/TinyImageNet_resnet_medium_prop_idx_4572_sidx_2108_eps_0.0039.vnnlib,2.646652611,unknown,109.422781440
tinyimagenet,vnncomp2024_benchmarks/benchmarks/tinyimagenet/onnx/TinyImageNet_resnet_medium.onnx,vnncomp2024_benchmarks/benchmarks/tinyimagenet/vnnlib/TinyImageNet_resnet_medium_prop_idx_2053_sidx_9323_eps_0.0039.vnnlib,2.655493799,unknown,109.277536194
tinyimagenet,vnncomp2024_benchmarks/benchmarks/tinyimagenet/onnx/TinyImageNet_resnet_medium.onnx,vnncomp2024_benchmarks/benchmarks/tinyimagenet/vnnlib/TinyImageNet_resnet_medium_prop_idx_6147_sidx_35_eps_0.0039.vnnlib,2.655524409,unsat,13.786398295
tinyimagenet,vnncomp2024_benchmarks/benchmarks/tinyimagenet/onnx/TinyImageNet_resnet_medium.onnx,vnncomp2024_benchmarks/benchmarks/tinyimagenet/vnnlib/TinyImageNet_resnet_medium_prop_idx_1986_sidx_9516_eps_0.0039.vnnlib,2.676790362,unsat,68.816602068
tinyimagenet,vnncomp2024_benchmarks/benchmarks/tinyimagenet/onnx/TinyImageNet_resnet_medium.onnx,vnncomp2024_benchmarks/benchmarks/tinyimagenet/vnnlib/TinyImageNet_resnet_medium_prop_idx_6755_sidx_2653_eps_0.0039.vnnlib,2.658664197,unknown,109.507015826
tinyimagenet,vnncomp2024_benchmarks/benchmarks/tinyimagenet/onnx/TinyImageNet_resnet_medium.onnx,vnncomp2024_benchmarks/benchmarks/tinyimagenet/vnnlib/TinyImageNet_resnet_medium_prop_idx_5982_sidx_4177_eps_0.0039.vnnlib,2.690058839,sat,6.777814561
tinyimagenet,vnncomp2024_benchmarks/benchmarks/tinyimagenet/onnx/TinyImageNet_resnet_medium.onnx,vnncomp2024_benchmarks/benchmarks/tinyimagenet/vnnlib/TinyImageNet_resnet_medium_prop_idx_7193_sidx_3486_eps_0.0039.vnnlib,2.682657244,sat,6.785376779
tinyimagenet,vnncomp2024_benchmarks/benchmarks/tinyimagenet/onnx/TinyImageNet_resnet_medium.onnx,vnncomp2024_benchmarks/benchmarks/tinyimagenet/vnnlib/TinyImageNet_resnet_medium_prop_idx_9013_sidx_9657_eps_0.0039.vnnlib,2.666186865,unknown,113.385607584
tinyimagenet,vnncomp2024_benchmarks/benchmarks/tinyimagenet/onnx/TinyImageNet_resnet_medium.onnx,vnncomp2024_benchmarks/benchmarks/tinyimagenet/vnnlib/TinyImageNet_resnet_medium_prop_idx_1058_sidx_5209_eps_0.0039.vnnlib,2.644748280,unknown,110.080814344
tinyimagenet,vnncomp2024_benchmarks/benchmarks/tinyimagenet/onnx/TinyImageNet_resnet_medium.onnx,vnncomp2024_benchmarks/benchmarks/tinyimagenet/vnnlib/TinyImageNet_resnet_medium_prop_idx_8186_sidx_1858_eps_0.0039.vnnlib,2.667999664,unknown,111.753526900
tinyimagenet,vnncomp2024_benchmarks/benchmarks/tinyimagenet/onnx/TinyImageNet_resnet_medium.onnx,vnncomp2024_benchmarks/benchmarks/tinyimagenet/vnnlib/TinyImageNet_resnet_medium_prop_idx_6628_sidx_8822_eps_0.0039.vnnlib,2.649427627,unknown,111.143561958
tinyimagenet,vnncomp2024_benchmarks/benchmarks/tinyimagenet/onnx/TinyImageNet_resnet_medium.onnx,vnncomp2024_benchmarks/benchmarks/tinyimagenet/vnnlib/TinyImageNet_resnet_medium_prop_idx_7078_sidx_5928_eps_0.0039.vnnlib,2.699890697,unknown,109.674014720
tinyimagenet,vnncomp2024_benchmarks/benchmarks/tinyimagenet/onnx/TinyImageNet_resnet_medium.onnx,vnncomp2024_benchmarks/benchmarks/tinyimagenet/vnnlib/TinyImageNet_resnet_medium_prop_idx_4945_sidx_4616_eps_0.0039.vnnlib,2.659321771,unknown,114.006433956
tinyimagenet,vnncomp2024_benchmarks/benchmarks/tinyimagenet/onnx/TinyImageNet_resnet_medium.onnx,vnncomp2024_benchmarks/benchmarks/tinyimagenet/vnnlib/TinyImageNet_resnet_medium_prop_idx_7575_sidx_6502_eps_0.0039.vnnlib,2.665877654,unknown,112.719644079
tinyimagenet,vnncomp2024_benchmarks/benchmarks/tinyimagenet/onnx/TinyImageNet_resnet_medium.onnx,vnncomp2024_benchmarks/benchmarks/tinyimagenet/vnnlib/TinyImageNet_resnet_medium_prop_idx_1175_sidx_7775_eps_0.0039.vnnlib,2.682256581,unknown,112.551615240
tinyimagenet,vnncomp2024_benchmarks/benchmarks/tinyimagenet/onnx/TinyImageNet_resnet_medium.onnx,vnncomp2024_benchmarks/benchmarks/tinyimagenet/vnnlib/TinyImageNet_resnet_medium_prop_idx_2212_sidx_6450_eps_0.0039.vnnlib,2.681607136,unknown,110.175106831
tinyimagenet,vnncomp2024_benchmarks/benchmarks/tinyimagenet/onnx/TinyImageNet_resnet_medium.onnx,vnncomp2024_benchmarks/benchmarks/tinyimagenet/vnnlib/TinyImageNet_resnet_medium_prop_idx_2159_sidx_9504_eps_0.0039.vnnlib,2.657067822,unknown,112.524264224
tinyimagenet,vnncomp2024_benchmarks/benchmarks/tinyimagenet/onnx/TinyImageNet_resnet_medium.onnx,vnncomp2024_benchmarks/benchmarks/tinyimagenet/vnnlib/TinyImageNet_resnet_medium_prop_idx_5440_sidx_1808_eps_0.0039.vnnlib,2.650049693,unknown,114.039231839
tinyimagenet,vnncomp2024_benchmarks/benchmarks/tinyimagenet/onnx/TinyImageNet_resnet_medium.onnx,vnncomp2024_benchmarks/benchmarks/tinyimagenet/vnnlib/TinyImageNet_resnet_medium_prop_idx_4086_sidx_4548_eps_0.0039.vnnlib,2.641853695,sat,6.758216211
tinyimagenet,vnncomp2024_benchmarks/benchmarks/tinyimagenet/onnx/TinyImageNet_resnet_medium.onnx,vnncomp2024_benchmarks/benchmarks/tinyimagenet/vnnlib/TinyImageNet_resnet_medium_prop_idx_4057_sidx_8514_eps_0.0039.vnnlib,2.689711804,unknown,111.817170631
tinyimagenet,vnncomp2024_benchmarks/benchmarks/tinyimagenet/onnx/TinyImageNet_resnet_medium.onnx,vnncomp2024_benchmarks/benchmarks/tinyimagenet/vnnlib/TinyImageNet_resnet_medium_prop_idx_233_sidx_127_eps_0.0039.vnnlib,2.644646284,unknown,109.588272025
tinyimagenet,vnncomp2024_benchmarks/benchmarks/tinyimagenet/onnx/TinyImageNet_resnet_medium.onnx,vnncomp2024_benchmarks/benchmarks/tinyimagenet/vnnlib/TinyImageNet_resnet_medium_prop_idx_7583_sidx_4674_eps_0.0039.vnnlib,2.695103164,sat,6.672396293
tinyimagenet,vnncomp2024_benchmarks/benchmarks/tinyimagenet/onnx/TinyImageNet_resnet_medium.onnx,vnncomp2024_benchmarks/benchmarks/tinyimagenet/vnnlib/TinyImageNet_resnet_medium_prop_idx_9595_sidx_2951_eps_0.0039.vnnlib,2.706878729,unsat,51.671431016
tinyimagenet,vnncomp2024_benchmarks/benchmarks/tinyimagenet/onnx/TinyImageNet_resnet_medium.onnx,vnncomp2024_benchmarks/benchmarks/tinyimagenet/vnnlib/TinyImageNet_resnet_medium_prop_idx_5232_sidx_8001_eps_0.0039.vnnlib,2.652876724,unknown,109.476351700
tinyimagenet,vnncomp2024_benchmarks/benchmarks/tinyimagenet/onnx/TinyImageNet_resnet_medium.onnx,vnncomp2024_benchmarks/benchmarks/tinyimagenet/vnnlib/TinyImageNet_resnet_medium_prop_idx_1411_sidx_3601_eps_0.0039.vnnlib,2.694814220,unknown,113.981598522
tinyimagenet,vnncomp2024_benchmarks/benchmarks/tinyimagenet/onnx/TinyImageNet_resnet_medium.onnx,vnncomp2024_benchmarks/benchmarks/tinyimagenet/vnnlib/TinyImageNet_resnet_medium_prop_idx_7209_sidx_9753_eps_0.0039.vnnlib,2.670943196,unsat,73.374740241
tinyimagenet,vnncomp2024_benchmarks/benchmarks/tinyimagenet/onnx/TinyImageNet_resnet_medium.onnx,vnncomp2024_benchmarks/benchmarks/tinyimagenet/vnnlib/TinyImageNet_resnet_medium_prop_idx_2820_sidx_1334_eps_0.0039.vnnlib,2.698751502,unknown,113.639022360
tinyimagenet,vnncomp2024_benchmarks/benchmarks/tinyimagenet/onnx/TinyImageNet_resnet_medium.onnx,vnncomp2024_benchmarks/benchmarks/tinyimagenet/vnnlib/TinyImageNet_resnet_medium_prop_idx_2908_sidx_3802_eps_0.0039.vnnlib,2.699831696,unsat,31.057992763
tinyimagenet,vnncomp2024_benchmarks/benchmarks/tinyimagenet/onnx/TinyImageNet_resnet_medium.onnx,vnncomp2024_benchmarks/benchmarks/tinyimagenet/vnnlib/TinyImageNet_resnet_medium_prop_idx_2483_sidx_173_eps_0.0039.vnnlib,2.669968048,sat,6.503974505
tinyimagenet,vnncomp2024_benchmarks/benchmarks/tinyimagenet/onnx/TinyImageNet_resnet_medium.onnx,vnncomp2024_benchmarks/benchmarks/tinyimagenet/vnnlib/TinyImageNet_resnet_medium_prop_idx_2614_sidx_8153_eps_0.0039.vnnlib,2.701832238,unknown,110.053928287
tinyimagenet,vnncomp2024_benchmarks/benchmarks/tinyimagenet/onnx/TinyImageNet_resnet_medium.onnx,vnncomp2024_benchmarks/benchmarks/tinyimagenet/vnnlib/TinyImageNet_resnet_medium_prop_idx_5095_sidx_8655_eps_0.0039.vnnlib,2.667110204,unknown,112.078823886
tinyimagenet,vnncomp2024_benchmarks/benchmarks/tinyimagenet/onnx/TinyImageNet_resnet_medium.onnx,vnncomp2024_benchmarks/benchmarks/tinyimagenet/vnnlib/TinyImageNet_resnet_medium_prop_idx_1359_sidx_7221_eps_0.0039.vnnlib,2.680640146,unsat,42.925245007
tinyimagenet,vnncomp2024_benchmarks/benchmarks/tinyimagenet/onnx/TinyImageNet_resnet_medium.onnx,vnncomp2024_benchmarks/benchmarks/tinyimagenet/vnnlib/TinyImageNet_resnet_medium_prop_idx_321_sidx_2596_eps_0.0039.vnnlib,2.697898976,unsat,109.975546619
tinyimagenet,vnncomp2024_benchmarks/benchmarks/tinyimagenet/onnx/TinyImageNet_resnet_medium.onnx,vnncomp2024_benchmarks/benchmarks/tinyimagenet/vnnlib/TinyImageNet_resnet_medium_prop_idx_6228_sidx_7979_eps_0.0039.vnnlib,2.691082136,sat,6.588879321
tinyimagenet,vnncomp2024_benchmarks/benchmarks/tinyimagenet/onnx/TinyImageNet_resnet_medium.onnx,vnncomp2024_benchmarks/benchmarks/tinyimagenet/vnnlib/TinyImageNet_resnet_medium_prop_idx_4709_sidx_8110_eps_0.0039.vnnlib,2.689490692,unsat,13.413353953
tinyimagenet,vnncomp2024_benchmarks/benchmarks/tinyimagenet/onnx/TinyImageNet_resnet_medium.onnx,vnncomp2024_benchmarks/benchmarks/tinyimagenet/vnnlib/TinyImageNet_resnet_medium_prop_idx_270_sidx_5414_eps_0.0039.vnnlib,2.701630672,unknown,112.736139791
tinyimagenet,vnncomp2024_benchmarks/benchmarks/tinyimagenet/onnx/TinyImageNet_resnet_medium.onnx,vnncomp2024_benchmarks/benchmarks/tinyimagenet/vnnlib/TinyImageNet_resnet_medium_prop_idx_7109_sidx_4074_eps_0.0039.vnnlib,2.675255658,unknown,113.546782485
tinyimagenet,vnncomp2024_benchmarks/benchmarks/tinyimagenet/onnx/TinyImageNet_resnet_medium.onnx,vnncomp2024_benchmarks/benchmarks/tinyimagenet/vnnlib/TinyImageNet_resnet_medium_prop_idx_782_sidx_6135_eps_0.0039.vnnlib,2.657218225,unknown,113.732678827
tinyimagenet,vnncomp2024_benchmarks/benchmarks/tinyimagenet/onnx/TinyImageNet_resnet_medium.onnx,vnncomp2024_benchmarks/benchmarks/tinyimagenet/vnnlib/TinyImageNet_resnet_medium_prop_idx_7564_sidx_5708_eps_0.0039.vnnlib,2.712436791,sat,6.572186150
tinyimagenet,vnncomp2024_benchmarks/benchmarks/tinyimagenet/onnx/TinyImageNet_resnet_medium.onnx,vnncomp2024_benchmarks/benchmarks/tinyimagenet/vnnlib/TinyImageNet_resnet_medium_prop_idx_5591_sidx_6464_eps_0.0039.vnnlib,2.691580024,unsat,18.794655141
tinyimagenet,vnncomp2024_benchmarks/benchmarks/tinyimagenet/onnx/TinyImageNet_resnet_medium.onnx,vnncomp2024_benchmarks/benchmarks/tinyimagenet/vnnlib/TinyImageNet_resnet_medium_prop_idx_5673_sidx_6615_eps_0.0039.vnnlib,2.700893070,unsat,13.528372224
tinyimagenet,vnncomp2024_benchmarks/benchmarks/tinyimagenet/onnx/TinyImageNet_resnet_medium.onnx,vnncomp2024_benchmarks/benchmarks/tinyimagenet/vnnlib/TinyImageNet_resnet_medium_prop_idx_4726_sidx_5177_eps_0.0039.vnnlib,2.670297911,unknown,112.464546911
tinyimagenet,vnncomp2024_benchmarks/benchmarks/tinyimagenet/onnx/TinyImageNet_resnet_medium.onnx,vnncomp2024_benchmarks/benchmarks/tinyimagenet/vnnlib/TinyImageNet_resnet_medium_prop_idx_3798_sidx_3627_eps_0.0039.vnnlib,2.638322345,sat,6.752555339
tinyimagenet,vnncomp2024_benchmarks/benchmarks/tinyimagenet/onnx/TinyImageNet_resnet_medium.onnx,vnncomp2024_benchmarks/benchmarks/tinyimagenet/vnnlib/TinyImageNet_resnet_medium_prop_idx_5216_sidx_9450_eps_0.0039.vnnlib,2.694707889,sat,6.654618964
tinyimagenet,vnncomp2024_benchmarks/benchmarks/tinyimagenet/onnx/TinyImageNet_resnet_medium.onnx,vnncomp2024_benchmarks/benchmarks/tinyimagenet/vnnlib/TinyImageNet_resnet_medium_prop_idx_3437_sidx_2708_eps_0.0039.vnnlib,2.694028308,unknown,113.912242246
tinyimagenet,vnncomp2024_benchmarks/benchmarks/tinyimagenet/onnx/TinyImageNet_resnet_medium.onnx,vnncomp2024_benchmarks/benchmarks/tinyimagenet/vnnlib/TinyImageNet_resnet_medium_prop_idx_2448_sidx_6943_eps_0.0039.vnnlib,2.668408497,unknown,114.600744296
tinyimagenet,vnncomp2024_benchmarks/benchmarks/tinyimagenet/onnx/TinyImageNet_resnet_medium.onnx,vnncomp2024_benchmarks/benchmarks/tinyimagenet/vnnlib/TinyImageNet_resnet_medium_prop_idx_57_sidx_9858_eps_0.0039.vnnlib,2.692052688,unknown,110.317519273
tinyimagenet,vnncomp2024_benchmarks/benchmarks/tinyimagenet/onnx/TinyImageNet_resnet_medium.onnx,vnncomp2024_benchmarks/benchmarks/tinyimagenet/vnnlib/TinyImageNet_resnet_medium_prop_idx_7856_sidx_8402_eps_0.0039.vnnlib,2.697415712,unsat,19.343355679
tinyimagenet,vnncomp2024_benchmarks/benchmarks/tinyimagenet/onnx/TinyImageNet_resnet_medium.onnx,vnncomp2024_benchmarks/benchmarks/tinyimagenet/vnnlib/TinyImageNet_resnet_medium_prop_idx_1933_sidx_9361_eps_0.0039.vnnlib,2.677505319,unsat,109.375428368
tinyimagenet,vnncomp2024_benchmarks/benchmarks/tinyimagenet/onnx/TinyImageNet_resnet_medium.onnx,vnncomp2024_benchmarks/benchmarks/tinyimagenet/vnnlib/TinyImageNet_resnet_medium_prop_idx_6391_sidx_336_eps_0.0039.vnnlib,2.677178434,unknown,111.676780824
tinyimagenet,vnncomp2024_benchmarks/benchmarks/tinyimagenet/onnx/TinyImageNet_resnet_medium.onnx,vnncomp2024_benchmarks/benchmarks/tinyimagenet/vnnlib/TinyImageNet_resnet_medium_prop_idx_6397_sidx_4408_eps_0.0039.vnnlib,2.678211950,unsat,75.083396752
tinyimagenet,vnncomp2024_benchmarks/benchmarks/tinyimagenet/onnx/TinyImageNet_resnet_medium.onnx,vnncomp2024_benchmarks/benchmarks/tinyimagenet/vnnlib/TinyImageNet_resnet_medium_prop_idx_1923_sidx_9398_eps_0.0039.vnnlib,2.658532672,unknown,110.835332968
tinyimagenet,vnncomp2024_benchmarks/benchmarks/tinyimagenet/onnx/TinyImageNet_resnet_medium.onnx,vnncomp2024_benchmarks/benchmarks/tinyimagenet/vnnlib/TinyImageNet_resnet_medium_prop_idx_7709_sidx_8188_eps_0.0039.vnnlib,2.696328005,unknown,113.781193763
tinyimagenet,vnncomp2024_benchmarks/benchmarks/tinyimagenet/onnx/TinyImageNet_resnet_medium.onnx,vnncomp2024_benchmarks/benchmarks/tinyimagenet/vnnlib/TinyImageNet_resnet_medium_prop_idx_4087_sidx_6984_eps_0.0039.vnnlib,2.707483880,unknown,112.113885490
tinyimagenet,vnncomp2024_benchmarks/benchmarks/tinyimagenet/onnx/TinyImageNet_resnet_medium.onnx,vnncomp2024_benchmarks/benchmarks/tinyimagenet/vnnlib/TinyImageNet_resnet_medium_prop_idx_1527_sidx_2130_eps_0.0039.vnnlib,2.668532840,unknown,109.393206034
tinyimagenet,vnncomp2024_benchmarks/benchmarks/tinyimagenet/onnx/TinyImageNet_resnet_medium.onnx,vnncomp2024_benchmarks/benchmarks/tinyimagenet/vnnlib/TinyImageNet_resnet_medium_prop_idx_7946_sidx_1068_eps_0.0039.vnnlib,2.654651113,unsat,21.570910675
tinyimagenet,vnncomp2024_benchmarks/benchmarks/tinyimagenet/onnx/TinyImageNet_resnet_medium.onnx,vnncomp2024_benchmarks/benchmarks/tinyimagenet/vnnlib/TinyImageNet_resnet_medium_prop_idx_9871_sidx_3794_eps_0.0039.vnnlib,2.672694864,unknown,112.856251218
tinyimagenet,vnncomp2024_benchmarks/benchmarks/tinyimagenet/onnx/TinyImageNet_resnet_medium.onnx,vnncomp2024_benchmarks/benchmarks/tinyimagenet/vnnlib/TinyImageNet_resnet_medium_prop_idx_8524_sidx_7247_eps_0.0039.vnnlib,2.681874887,unknown,111.511208408
tinyimagenet,vnncomp2024_benchmarks/benchmarks/tinyimagenet/onnx/TinyImageNet_resnet_medium.onnx,vnncomp2024_benchmarks/benchmarks/tinyimagenet/vnnlib/TinyImageNet_resnet_medium_prop_idx_4213_sidx_1247_eps_0.0039.vnnlib,2.683493822,unsat,20.122180820
tinyimagenet,vnncomp2024_benchmarks/benchmarks/tinyimagenet/onnx/TinyImageNet_resnet_medium.onnx,vnncomp2024_benchmarks/benchmarks/tinyimagenet/vnnlib/TinyImageNet_resnet_medium_prop_idx_6412_sidx_6140_eps_0.0039.vnnlib,2.674544273,unknown,110.083246996
tinyimagenet,vnncomp2024_benchmarks/benchmarks/tinyimagenet/onnx/TinyImageNet_resnet_medium.onnx,vnncomp2024_benchmarks/benchmarks/tinyimagenet/vnnlib/TinyImageNet_resnet_medium_prop_idx_275_sidx_6332_eps_0.0039.vnnlib,2.648085044,unsat,15.157884687
tinyimagenet,vnncomp2024_benchmarks/benchmarks/tinyimagenet/onnx/TinyImageNet_resnet_medium.onnx,vnncomp2024_benchmarks/benchmarks/tinyimagenet/vnnlib/TinyImageNet_resnet_medium_prop_idx_484_sidx_161_eps_0.0039.vnnlib,2.664099835,unknown,113.609176605
tinyimagenet,vnncomp2024_benchmarks/benchmarks/tinyimagenet/onnx/TinyImageNet_resnet_medium.onnx,vnncomp2024_benchmarks/benchmarks/tinyimagenet/vnnlib/TinyImageNet_resnet_medium_prop_idx_3275_sidx_6624_eps_0.0039.vnnlib,2.698701825,unknown,112.654801805
tinyimagenet,vnncomp2024_benchmarks/benchmarks/tinyimagenet/onnx/TinyImageNet_resnet_medium.onnx,vnncomp2024_benchmarks/benchmarks/tinyimagenet/vnnlib/TinyImageNet_resnet_medium_prop_idx_6339_sidx_7609_eps_0.0039.vnnlib,2.682575573,unknown,112.485851272
tinyimagenet,vnncomp2024_benchmarks/benchmarks/tinyimagenet/onnx/TinyImageNet_resnet_medium.onnx,vnncomp2024_benchmarks/benchmarks/tinyimagenet/vnnlib/TinyImageNet_resnet_medium_prop_idx_4389_sidx_7059_eps_0.0039.vnnlib,2.648662193,unknown,112.444655705
tinyimagenet,vnncomp2024_benchmarks/benchmarks/tinyimagenet/onnx/TinyImageNet_resnet_medium.onnx,vnncomp2024_benchmarks/benchmarks/tinyimagenet/vnnlib/TinyImageNet_resnet_medium_prop_idx_6385_sidx_90_eps_0.0039.vnnlib,2.653885934,unsat,109.275699735
tinyimagenet,vnncomp2024_benchmarks/benchmarks/tinyimagenet/onnx/TinyImageNet_resnet_medium.onnx,vnncomp2024_benchmarks/benchmarks/tinyimagenet/vnnlib/TinyImageNet_resnet_medium_prop_idx_8680_sidx_7647_eps_0.0039.vnnlib,2.691350879,unknown,109.762644863
tinyimagenet,vnncomp2024_benchmarks/benchmarks/tinyimagenet/onnx/TinyImageNet_resnet_medium.onnx,vnncomp2024_benchmarks/benchmarks/tinyimagenet/vnnlib/TinyImageNet_resnet_medium_prop_idx_3452_sidx_862_eps_0.0039.vnnlib,2.663350341,sat,6.577883699
tinyimagenet,vnncomp2024_benchmarks/benchmarks/tinyimagenet/onnx/TinyImageNet_resnet_medium.onnx,vnncomp2024_benchmarks/benchmarks/tinyimagenet/vnnlib/TinyImageNet_resnet_medium_prop_idx_5206_sidx_1932_eps_0.0039.vnnlib,2.701031872,sat,6.761847664
tinyimagenet,vnncomp2024_benchmarks/benchmarks/tinyimagenet/onnx/TinyImageNet_resnet_medium.onnx,vnncomp2024_benchmarks/benchmarks/tinyimagenet/vnnlib/TinyImageNet_resnet_medium_prop_idx_9612_sidx_8923_eps_0.0039.vnnlib,2.679227889,unknown,111.938628425
tinyimagenet,vnncomp2024_benchmarks/benchmarks/tinyimagenet/onnx/TinyImageNet_resnet_medium.onnx,vnncomp2024_benchmarks/benchmarks/tinyimagenet/vnnlib/TinyImageNet_resnet_medium_prop_idx_6931_sidx_2337_eps_0.0039.vnnlib,2.675121556,unknown,114.046649908
tinyimagenet,vnncomp2024_benchmarks/benchmarks/tinyimagenet/onnx/TinyImageNet_resnet_medium.onnx,vnncomp2024_benchmarks/benchmarks/tinyimagenet/vnnlib/TinyImageNet_resnet_medium_prop_idx_1009_sidx_9780_eps_0.0039.vnnlib,2.692472867,unknown,111.505257036
tinyimagenet,vnncomp2024_benchmarks/benchmarks/tinyimagenet/onnx/TinyImageNet_resnet_medium.onnx,vnncomp2024_benchmarks/benchmarks/tinyimagenet/vnnlib/TinyImageNet_resnet_medium_prop_idx_2012_sidx_2419_eps_0.0039.vnnlib,2.684020024,unknown,109.536391588
tinyimagenet,vnncomp2024_benchmarks/benchmarks/tinyimagenet/onnx/TinyImageNet_resnet_medium.onnx,vnncomp2024_benchmarks/benchmarks/tinyimagenet/vnnlib/TinyImageNet_resnet_medium_prop_idx_8472_sidx_7499_eps_0.0039.vnnlib,2.706421215,unknown,109.282483616
tinyimagenet,vnncomp2024_benchmarks/benchmarks/tinyimagenet/onnx/TinyImageNet_resnet_medium.onnx,vnncomp2024_benchmarks/benchmarks/tinyimagenet/vnnlib/TinyImageNet_resnet_medium_prop_idx_1134_sidx_5880_eps_0.0039.vnnlib,2.703187474,unknown,112.830813010
tinyimagenet,vnncomp2024_benchmarks/benchmarks/tinyimagenet/onnx/TinyImageNet_resnet_medium.onnx,vnncomp2024_benchmarks/benchmarks/tinyimagenet/vnnlib/TinyImageNet_resnet_medium_prop_idx_1798_sidx_1061_eps_0.0039.vnnlib,2.698862797,sat,6.630210036
tinyimagenet,vnncomp2024_benchmarks/benchmarks/tinyimagenet/onnx/TinyImageNet_resnet_medium.onnx,vnncomp2024_benchmarks/benchmarks/tinyimagenet/vnnlib/TinyImageNet_resnet_medium_prop_idx_971_sidx_4800_eps_0.0039.vnnlib,2.701341356,unknown,108.952214188
tinyimagenet,vnncomp2024_benchmarks/benchmarks/tinyimagenet/onnx/TinyImageNet_resnet_medium.onnx,vnncomp2024_benchmarks/benchmarks/tinyimagenet/vnnlib/TinyImageNet_resnet_medium_prop_idx_8043_sidx_500_eps_0.0039.vnnlib,2.659378027,unsat,35.706212777
tinyimagenet,vnncomp2024_benchmarks/benchmarks/tinyimagenet/onnx/TinyImageNet_resnet_medium.onnx,vnncomp2024_benchmarks/benchmarks/tinyimagenet/vnnlib/TinyImageNet_resnet_medium_prop_idx_8042_sidx_9227_eps_0.0039.vnnlib,2.663742835,unknown,109.289285468
tinyimagenet,vnncomp2024_benchmarks/benchmarks/tinyimagenet/onnx/TinyImageNet_resnet_medium.onnx,vnncomp2024_benchmarks/benchmarks/tinyimagenet/vnnlib/TinyImageNet_resnet_medium_prop_idx_6597_sidx_4088_eps_0.0039.vnnlib,2.700857997,unsat,15.057351613
tinyimagenet,vnncomp2024_benchmarks/benchmarks/tinyimagenet/onnx/TinyImageNet_resnet_medium.onnx,vnncomp2024_benchmarks/benchmarks/tinyimagenet/vnnlib/TinyImageNet_resnet_medium_prop_idx_6923_sidx_8593_eps_0.0039.vnnlib,2.721915247,unknown,110.331553784
tinyimagenet,vnncomp2024_benchmarks/benchmarks/tinyimagenet/onnx/TinyImageNet_resnet_medium.onnx,vnncomp2024_benchmarks/benchmarks/tinyimagenet/vnnlib/TinyImageNet_resnet_medium_prop_idx_9998_sidx_4182_eps_0.0039.vnnlib,2.685557537,unknown,113.387742929
tinyimagenet,vnncomp2024_benchmarks/benchmarks/tinyimagenet/onnx/TinyImageNet_resnet_medium.onnx,vnncomp2024_benchmarks/benchmarks/tinyimagenet/vnnlib/TinyImageNet_resnet_medium_prop_idx_5743_sidx_6569_eps_0.0039.vnnlib,2.664511836,unsat,59.668818283
tinyimagenet,vnncomp2024_benchmarks/benchmarks/tinyimagenet/onnx/TinyImageNet_resnet_medium.onnx,vnncomp2024_benchmarks/benchmarks/tinyimagenet/vnnlib/TinyImageNet_resnet_medium_prop_idx_5560_sidx_5477_eps_0.0039.vnnlib,2.683743009,unknown,112.577607813
tinyimagenet,vnncomp2024_benchmarks/benchmarks/tinyimagenet/onnx/TinyImageNet_resnet_medium.onnx,vnncomp2024_benchmarks/benchmarks/tinyimagenet/vnnlib/TinyImageNet_resnet_medium_prop_idx_3071_sidx_474_eps_0.0039.vnnlib,2.669528715,unsat,16.175906110
tinyimagenet,vnncomp2024_benchmarks/benchmarks/tinyimagenet/onnx/TinyImageNet_resnet_medium.onnx,vnncomp2024_benchmarks/benchmarks/tinyimagenet/vnnlib/TinyImageNet_resnet_medium_prop_idx_5676_sidx_9851_eps_0.0039.vnnlib,2.697959581,unsat,14.107538521
tinyimagenet,vnncomp2024_benchmarks/benchmarks/tinyimagenet/onnx/TinyImageNet_resnet_medium.onnx,vnncomp2024_benchmarks/benchmarks/tinyimagenet/vnnlib/TinyImageNet_resnet_medium_prop_idx_9345_sidx_6696_eps_0.0039.vnnlib,2.652312115,unknown,112.044640980
tinyimagenet,vnncomp2024_benchmarks/benchmarks/tinyimagenet/onnx/TinyImageNet_resnet_medium.onnx,vnncomp2024_benchmarks/benchmarks/tinyimagenet/vnnlib/TinyImageNet_resnet_medium_prop_idx_6379_sidx_4603_eps_0.0039.vnnlib,2.696556240,unsat,73.608930756
tinyimagenet,vnncomp2024_benchmarks/benchmarks/tinyimagenet/onnx/TinyImageNet_resnet_medium.onnx,vnncomp2024_benchmarks/benchmarks/tinyimagenet/vnnlib/TinyImageNet_resnet_medium_prop_idx_1514_sidx_2541_eps_0.0039.vnnlib,2.648572227,unsat,14.017769504
tinyimagenet,vnncomp2024_benchmarks/benchmarks/tinyimagenet/onnx/TinyImageNet_resnet_medium.onnx,vnncomp2024_benchmarks/benchmarks/tinyimagenet/vnnlib/TinyImageNet_resnet_medium_prop_idx_9483_sidx_7908_eps_0.0039.vnnlib,2.708303342,unsat,112.480281246
tinyimagenet,vnncomp2024_benchmarks/benchmarks/tinyimagenet/onnx/TinyImageNet_resnet_medium.onnx,vnncomp2024_benchmarks/benchmarks/tinyimagenet/vnnlib/TinyImageNet_resnet_medium_prop_idx_9417_sidx_5438_eps_0.0039.vnnlib,2.691848365,unknown,112.770092878
tinyimagenet,vnncomp2024_benchmarks/benchmarks/tinyimagenet/onnx/TinyImageNet_resnet_medium.onnx,vnncomp2024_benchmarks/benchmarks/tinyimagenet/vnnlib/TinyImageNet_resnet_medium_prop_idx_536_sidx_7699_eps_0.0039.vnnlib,2.664964965,unsat,82.580298181
tinyimagenet,vnncomp2024_benchmarks/benchmarks/tinyimagenet/onnx/TinyImageNet_resnet_medium.onnx,vnncomp2024_benchmarks/benchmarks/tinyimagenet/vnnlib/TinyImageNet_resnet_medium_prop_idx_4171_sidx_705_eps_0.0039.vnnlib,2.700384341,unknown,109.068834206
tinyimagenet,vnncomp2024_benchmarks/benchmarks/tinyimagenet/onnx/TinyImageNet_resnet_medium.onnx,vnncomp2024_benchmarks/benchmarks/tinyimagenet/vnnlib/TinyImageNet_resnet_medium_prop_idx_706_sidx_1037_eps_0.0039.vnnlib,2.679800358,unsat,59.249654150
tinyimagenet,vnncomp2024_benchmarks/benchmarks/tinyimagenet/onnx/TinyImageNet_resnet_medium.onnx,vnncomp2024_benchmarks/benchmarks/tinyimagenet/vnnlib/TinyImageNet_resnet_medium_prop_idx_4776_sidx_19_eps_0.0039.vnnlib,2.677650874,unsat,14.760289795
tinyimagenet,vnncomp2024_benchmarks/benchmarks/tinyimagenet/onnx/TinyImageNet_resnet_medium.onnx,vnncomp2024_benchmarks/benchmarks/tinyimagenet/vnnlib/TinyImageNet_resnet_medium_prop_idx_8288_sidx_307_eps_0.0039.vnnlib,2.680386927,unknown,109.849138949
tinyimagenet,vnncomp2024_benchmarks/benchmarks/tinyimagenet/onnx/TinyImageNet_resnet_medium.onnx,vnncomp2024_benchmarks/benchmarks/tinyimagenet/vnnlib/TinyImageNet_resnet_medium_prop_idx_4789_sidx_8239_eps_0.0039.vnnlib,2.702138568,unknown,110.626961736
tinyimagenet,vnncomp2024_benchmarks/benchmarks/tinyimagenet/onnx/TinyImageNet_resnet_medium.onnx,vnncomp2024_benchmarks/benchmarks/tinyimagenet/vnnlib/TinyImageNet_resnet_medium_prop_idx_2763_sidx_5006_eps_0.0039.vnnlib,2.678931524,sat,6.666881054
tinyimagenet,vnncomp2024_benchmarks/benchmarks/tinyimagenet/onnx/TinyImageNet_resnet_medium.onnx,vnncomp2024_benchmarks/benchmarks/tinyimagenet/vnnlib/TinyImageNet_resnet_medium_prop_idx_1760_sidx_899_eps_0.0039.vnnlib,2.650747802,unknown,110.946677731
tinyimagenet,vnncomp2024_benchmarks/benchmarks/tinyimagenet/onnx/TinyImageNet_resnet_medium.onnx,vnncomp2024_benchmarks/benchmarks/tinyimagenet/vnnlib/TinyImageNet_resnet_medium_prop_idx_4407_sidx_4717_eps_0.0039.vnnlib,2.673602621,unknown,110.607449920
tinyimagenet,vnncomp2024_benchmarks/benchmarks/tinyimagenet/onnx/TinyImageNet_resnet_medium.onnx,vnncomp2024_benchmarks/benchmarks/tinyimagenet/vnnlib/TinyImageNet_resnet_medium_prop_idx_568_sidx_8816_eps_0.0039.vnnlib,2.657542310,unknown,109.498948908
tinyimagenet,vnncomp2024_benchmarks/benchmarks/tinyimagenet/onnx/TinyImageNet_resnet_medium.onnx,vnncomp2024_benchmarks/benchmarks/tinyimagenet/vnnlib/TinyImageNet_resnet_medium_prop_idx_1093_sidx_4490_eps_0.0039.vnnlib,2.658058228,unknown,110.759640884
tinyimagenet,vnncomp2024_benchmarks/benchmarks/tinyimagenet/onnx/TinyImageNet_resnet_medium.onnx,vnncomp2024_benchmarks/benchmarks/tinyimagenet/vnnlib/TinyImageNet_resnet_medium_prop_idx_1853_sidx_6533_eps_0.0039.vnnlib,2.667644369,unknown,111.426578220
tinyimagenet,vnncomp2024_benchmarks/benchmarks/tinyimagenet/onnx/TinyImageNet_resnet_medium.onnx,vnncomp2024_benchmarks/benchmarks/tinyimagenet/vnnlib/TinyImageNet_resnet_medium_prop_idx_7834_sidx_9391_eps_0.0039.vnnlib,2.666289802,sat,6.708442576
tinyimagenet,vnncomp2024_benchmarks/benchmarks/tinyimagenet/onnx/TinyImageNet_resnet_medium.onnx,vnncomp2024_benchmarks/benchmarks/tinyimagenet/vnnlib/TinyImageNet_resnet_medium_prop_idx_2936_sidx_7810_eps_0.0039.vnnlib,2.710605088,unknown,111.567085537
tinyimagenet,vnncomp2024_benchmarks/benchmarks/tinyimagenet/onnx/TinyImageNet_resnet_medium.onnx,vnncomp2024_benchmarks/benchmarks/tinyimagenet/vnnlib/TinyImageNet_resnet_medium_prop_idx_4686_sidx_8792_eps_0.0039.vnnlib,2.656466998,unknown,111.637396842
tinyimagenet,vnncomp2024_benchmarks/benchmarks/tinyimagenet/onnx/TinyImageNet_resnet_medium.onnx,vnncomp2024_benchmarks/benchmarks/tinyimagenet/vnnlib/TinyImageNet_resnet_medium_prop_idx_6077_sidx_9485_eps_0.0039.vnnlib,2.680831000,unknown,112.852285132
tinyimagenet,vnncomp2024_benchmarks/benchmarks/tinyimagenet/onnx/TinyImageNet_resnet_medium.onnx,vnncomp2024_benchmarks/benchmarks/tinyimagenet/vnnlib/TinyImageNet_resnet_medium_prop_idx_8170_sidx_3334_eps_0.0039.vnnlib,2.681018384,unknown,111.504698086
tinyimagenet,vnncomp2024_benchmarks/benchmarks/tinyimagenet/onnx/TinyImageNet_resnet_medium.onnx,vnncomp2024_benchmarks/benchmarks/tinyimagenet/vnnlib/TinyImageNet_resnet_medium_prop_idx_2823_sidx_3967_eps_0.0039.vnnlib,2.690925899,unknown,111.038436617
tinyimagenet,vnncomp2024_benchmarks/benchmarks/test/test_nano.onnx,vnncomp2024_benchmarks/benchmarks/test/test_nano.vnnlib,2.232694887,unsat,8.921806214
